{"cameraMode":{"drawMode":0,"name":"Shaded","section":"Shading Mode"},"sceneLighting":true,"audioPlay":false,"sceneViewState":{"showFog":false,"showMaterialUpdate":false,"showSkybox":false,"showFlares":false,"showImageEffects":false,"showParticleSystems":false},"in2DMode":false,"pivot":{"x":126.67353820800781,"y":1.9822654724121094,"z":125.31847381591797},"rotation":{"x":-0.15994112193584443,"y":0.47174951434135439,"z":-0.0874619260430336,"w":-0.8626828789710999},"size":70.12686157226563,"orthographic":false}