{"cameraMode":{"drawMode":0,"name":"Shaded","section":"Shading Mode"},"sceneLighting":true,"audioPlay":false,"sceneViewState":{"showFog":false,"showMaterialUpdate":false,"showSkybox":false,"showFlares":false,"showImageEffects":false,"showParticleSystems":false},"in2DMode":false,"pivot":{"x":145.71182250976563,"y":-6.5540618896484379,"z":156.59832763671876},"rotation":{"x":-0.23904621601104737,"y":0.4201366603374481,"z":-0.11574168503284455,"w":-0.8677246570587158},"size":65.29415130615235,"orthographic":false}