{"cameraMode":{"drawMode":0,"name":"Shaded","section":"Shading Mode"},"sceneLighting":false,"audioPlay":false,"sceneViewState":{"showFog":false,"showMaterialUpdate":false,"showSkybox":false,"showFlares":false,"showImageEffects":false,"showParticleSystems":false},"in2DMode":false,"pivot":{"x":-0.13510918617248536,"y":1.213125467300415,"z":-0.24045097827911378},"rotation":{"x":-0.37029582262039187,"y":0.5658159852027893,"z":-0.31449851393699648,"w":-0.6662011742591858},"size":30.849679946899415,"orthographic":false}