{"cameraMode":{"drawMode":0,"name":"Shaded","section":"Shading Mode"},"sceneLighting":false,"audioPlay":false,"sceneViewState":{"showFog":false,"showMaterialUpdate":false,"showSkybox":false,"showFlares":false,"showImageEffects":false,"showParticleSystems":false},"in2DMode":false,"pivot":{"x":6.571382522583008,"y":-9.403692245483399,"z":14.21705436706543},"rotation":{"x":-0.37029582262039187,"y":0.5658159852027893,"z":-0.31449851393699648,"w":-0.6662011742591858},"size":41.75714874267578,"orthographic":false}